,variant_id,gene_symbol,gnomad_alleles
87,ap4m1:p.C319R,AP4M1,7-99703607-T-C
88,ap4m1:p.E193K,AP4M1,
89,ap4m1:p.G63G,AP4M1,7-99700339-C-T
90,ap4m1:p.R306X,AP4M1,7-99703149-C-T
91,ap4m1:p.R318X,AP4M1,7-99703604-C-T
92,ap4m1:p.R338X,AP4M1,7-99703901-C-T
93,ap4m1:p.R429fs,AP4M1,
94,ap4m1:p.R441X,AP4M1,7-99704464-C-T
95,ap4m1:p.V174fs,AP4M1,7-99701284-G-GCCGCC
96,ap4m1:p.Y65fs,AP4M1,7-99700338-GCC-G
97,ap4m1:rs13309,AP4M1,7-99704796-A-T
98,ap4m1:rs1534310,AP4M1,7-99699169-A-T
99,ap4m1:rs2293479,AP4M1,"7-99703958-T-C
7-99703958-T-G"
100,ap4m1:rs4729577,AP4M1,7-99701640-T-C
101,ap4m1:rs999885,AP4M1,7-99701176-G-A
